{
    "course": [
        {
            "name": "python",
            "description": "Ishladi",
            "modules_count": 12,
            "price": "20",
            "active_students": 1,
            "create_date": "2023-12-14 15:40:10.338130"
        },
        {
            "name": "java",
            "description": "backend",
            "modules_count": "10",
            "price": 120,
            "active_students": 1,
            "create_date": "2023-12-15 23:38:38.078739"
        },
        {
            "name": "c++",
            "description": "eski",
            "modules_count": "5",
            "price": 100,
            "active_students": 1,
            "create_date": "2023-12-16 09:10:18.615796"
        },
        {
            "name": "javascript",
            "description": "frontend",
            "modules_count": "9",
            "price": 150,
            "active_students": 0,
            "create_date": "2023-12-16 09:43:02.431460"
        },
        {
            "name": "c#",
            "description": "himoyaviy",
            "modules_count": "5",
            "price": 125,
            "active_students": 1,
            "create_date": "2023-12-16 11:40:02.902344"
        },
        {
            "name": "php",
            "description": "agohf",
            "modules_count": "12",
            "price": "140",
            "active_students": 0,
            "create_date": "2023-12-20 21:44:52.197633"
        },
        {
            "name": "php",
            "description": "12",
            "modules_count": "140",
            "price": "120",
            "active_students": 0,
            "create_date": "2023-12-20 21:47:14.848738"
        }
    ]
}