{
    "users": [
        {
            "firstname": "ogabek",
            "lastname": "obidov",
            "username": "ogabek123",
            "password": "12345678",
            "status": 1,
            "balance": 100000
        },
        {
            "firstname": "sherzod",
            "lastname": "shodiyev",
            "username": "sher777",
            "password": "123456",
            "status": 0,
            "balance": 9755
        },
        {
            "firstname": "javlon",
            "lastname": "hamidov",
            "username": "user12",
            "password": "user12",
            "status": 1,
            "balance": 20000
        },
        {
            "firstname": "umid ",
            "lastname": "amonovv",
            "username": "umid12",
            "password": 1298,
            "status": 0,
            "balance": 10000
        }
    ]
}